staged_path,source_archive_path,source_sha256,staged_sha256,match,evidence_role
chapter3/evidence/baseline/Final_PreDemo_Audit.txt,ALL/00_Environment_Hình và các bằng chứng xây dựng môi trường/PreDemo/Final_PreDemo_Audit.txt,532a2fa06ee0df772444ea14242591d4ee407d0477e0081f68a549bff6a66b38,532a2fa06ee0df772444ea14242591d4ee407d0477e0081f68a549bff6a66b38,TRUE,PRIMARY_LOCAL_STATE
chapter3/evidence/baseline/Before_Demo_Snapshots.txt,ALL/00_Environment_Hình và các bằng chứng xây dựng môi trường/PreDemo/Before_Demo_Snapshots.txt,4e120518454ea263f7ae8aa1373f0a5e1303c81e27e6f6a6bd5e509149222308,4e120518454ea263f7ae8aa1373f0a5e1303c81e27e6f6a6bd5e509149222308,TRUE,PRIMARY_LOCAL_STATE
chapter3/evidence/baseline/MS17-010_Official_Mapping.txt,ALL/00_Environment_Hình và các bằng chứng xây dựng môi trường/PatchBaseline/MS17-010_Official_Mapping.txt,938e4c15fb96c0c39cf02ec473fe5addb646e9d8f06f3aab7021ca0f3c8e8261,938e4c15fb96c0c39cf02ec473fe5addb646e9d8f06f3aab7021ca0f3c8e8261,TRUE,PRIMARY_LOCAL_STATE
chapter3/evidence/baseline/Windows_FirewallPrep_Final.txt,ALL/00_Environment_Hình và các bằng chứng xây dựng môi trường/FirewallPrep/Windows_FirewallPrep_Final.txt,119fb52ab97bb1c467678ff2f796428809ff61e811c6cf6740ee9bea4aeadfe3,119fb52ab97bb1c467678ff2f796428809ff61e811c6cf6740ee9bea4aeadfe3,TRUE,PRIMARY_LOCAL_STATE
chapter3/evidence/baseline/VirtualBox_HostOnly_Config.txt,ALL/00_Environment_Hình và các bằng chứng xây dựng môi trường/Network/VirtualBox_HostOnly_Config.txt,33d87da88f5357b1601b69e5a4650433f7c031aa33f38d33369fc2cac86d7bc9,33d87da88f5357b1601b69e5a4650433f7c031aa33f38d33369fc2cac86d7bc9,TRUE,PRIMARY_LOCAL_STATE
chapter3/evidence/baseline/Windows_Baseline_01_Winver.png,ALL/00_Environment_Hình và các bằng chứng xây dựng môi trường/Baseline/Windows/Windows_Baseline_01_Winver.png,304cb74a67439afd55baea52fd7bc60d4040b453a85bf82f9b603e70b643f9f9,304cb74a67439afd55baea52fd7bc60d4040b453a85bf82f9b603e70b643f9f9,TRUE,PRIMARY_VISUAL
chapter3/evidence/baseline/Windows_Baseline_04_SMB_Service.png,ALL/00_Environment_Hình và các bằng chứng xây dựng môi trường/Baseline/Windows/Windows_Baseline_04_SMB_Service.png,35e3726327c112d96806118b57ad2e2c7dacce40011be2921aab266d5f93315e,35e3726327c112d96806118b57ad2e2c7dacce40011be2921aab266d5f93315e,TRUE,PRIMARY_VISUAL
chapter3/evidence/baseline/Windows_Baseline_05_SMB_Features.png,ALL/00_Environment_Hình và các bằng chứng xây dựng môi trường/Baseline/Windows/Windows_Baseline_05_SMB_Features.png,cda08cc9c403a0ea74dfac4ef67caaa6a524f4973c64e6fd4dc3709e3b6e6191,cda08cc9c403a0ea74dfac4ef67caaa6a524f4973c64e6fd4dc3709e3b6e6191,TRUE,PRIMARY_VISUAL
chapter3/evidence/baseline/Windows_Baseline_06_SMB_Config.png,ALL/00_Environment_Hình và các bằng chứng xây dựng môi trường/Baseline/Windows/Windows_Baseline_06_SMB_Config.png,1974a179c39fb902d0bffa60d0bf2d087e450b46907e4bc463d41034e2d47029,1974a179c39fb902d0bffa60d0bf2d087e450b46907e4bc463d41034e2d47029,TRUE,PRIMARY_VISUAL
chapter3/evidence/baseline/Windows_Baseline_07_Firewall.png,ALL/00_Environment_Hình và các bằng chứng xây dựng môi trường/Baseline/Windows/Windows_Baseline_07_Firewall.png,0d6ae743478445dbc7e27159826d444a2b840874cd76f27293fb7e0d8604b817,0d6ae743478445dbc7e27159826d444a2b840874cd76f27293fb7e0d8604b817,TRUE,PRIMARY_VISUAL
chapter3/evidence/baseline/Windows_FirewallPrep_04_Scope.png,ALL/00_Environment_Hình và các bằng chứng xây dựng môi trường/FirewallPrep/Windows_FirewallPrep_04_Scope.png,0af3b146b9275ff64276fd3da0c74e01cedd72c3561fd4b31e8fd0355f8a717c,0af3b146b9275ff64276fd3da0c74e01cedd72c3561fd4b31e8fd0355f8a717c,TRUE,PRIMARY_VISUAL
chapter3/evidence/baseline/Windows_MS17010_01_SrvSysVersion.png,ALL/00_Environment_Hình và các bằng chứng xây dựng môi trường/PatchBaseline/Windows_MS17010_01_SrvSysVersion.png,2f8c1b7ce276919c72bb40a75fbeacdef81f2fa98695758df27f8772bdc149c8,2f8c1b7ce276919c72bb40a75fbeacdef81f2fa98695758df27f8772bdc149c8,TRUE,PRIMARY_VISUAL
chapter3/evidence/baseline/Windows_MS17010_02_Hotfix.png,ALL/00_Environment_Hình và các bằng chứng xây dựng môi trường/PatchBaseline/Windows_MS17010_02_Hotfix.png,c2130e7256c08f592f9f884ec979e505c775cdfb74bc149dfa63fef5335e658f,c2130e7256c08f592f9f884ec979e505c775cdfb74bc149dfa63fef5335e658f,TRUE,PRIMARY_VISUAL
chapter3/evidence/baseline/Kali_to_Windows_Connectivity.png,ALL/00_Environment_Hình và các bằng chứng xây dựng môi trường/Network/Kali_to_Windows_Connectivity.png,d3e75eb5e9005769fac2a038ec38f968f7cc39281ace4ab9fb2a71e0bf9f0034,d3e75eb5e9005769fac2a038ec38f968f7cc39281ace4ab9fb2a71e0bf9f0034,TRUE,PRIMARY_VISUAL
chapter3/evidence/baseline/Windows_PreDemo_01_Network_SMB.png,ALL/00_Environment_Hình và các bằng chứng xây dựng môi trường/PreDemo/Windows_PreDemo_01_Network_SMB.png,e3744451374e9544f29dda79b06bd1e8df122119ef046b20dfb9f396d65a0b34,e3744451374e9544f29dda79b06bd1e8df122119ef046b20dfb9f396d65a0b34,TRUE,PRIMARY_VISUAL
chapter3/evidence/baseline/Windows_PreDemo_02_Firewall.png,ALL/00_Environment_Hình và các bằng chứng xây dựng môi trường/PreDemo/Windows_PreDemo_02_Firewall.png,c685573c3c1d00460d49d8718cc02a48ef8bceda26ce5cac1ab913e1db0d7077,c685573c3c1d00460d49d8718cc02a48ef8bceda26ce5cac1ab913e1db0d7077,TRUE,PRIMARY_VISUAL
chapter3/evidence/baseline/Kali_PreDemo_01_Network_Tools.png,ALL/00_Environment_Hình và các bằng chứng xây dựng môi trường/PreDemo/Kali_PreDemo_01_Network_Tools.png,f145b69eae5fa1bd61173c644cc8edfe25d02cecb1d77912c51af9a0359f951f,f145b69eae5fa1bd61173c644cc8edfe25d02cecb1d77912c51af9a0359f951f,TRUE,PRIMARY_VISUAL
chapter3/evidence/baseline/Kali_PreDemo_02_NSE_Scripts.png,ALL/00_Environment_Hình và các bằng chứng xây dựng môi trường/PreDemo/Kali_PreDemo_02_NSE_Scripts.png,3f38320604207679dcd96dd9c91cd23b40cb526f10c68747a2d80774c5d456f8,3f38320604207679dcd96dd9c91cd23b40cb526f10c68747a2d80774c5d456f8,TRUE,PRIMARY_VISUAL
chapter3/evidence/scenario1/b2_host_discovery.nmap,ALL/01_Scenario1_Hình và các bằng chứng kịch bản 1/raw/b2_host_discovery.nmap,d2219adb0a780a139143ddb3cd65131f8a4a7a1c539a52be6d075f17500a3557,d2219adb0a780a139143ddb3cd65131f8a4a7a1c539a52be6d075f17500a3557,TRUE,PRIMARY_RAW
chapter3/evidence/scenario1/b2_host_discovery.xml,ALL/01_Scenario1_Hình và các bằng chứng kịch bản 1/raw/b2_host_discovery.xml,769be1181049fb9fafe1535cb99c3bc00a6eff462744e44f45c9b53f8e8619a3,769be1181049fb9fafe1535cb99c3bc00a6eff462744e44f45c9b53f8e8619a3,TRUE,PRIMARY_RAW
chapter3/evidence/scenario1/b2_host_discovery.gnmap,ALL/01_Scenario1_Hình và các bằng chứng kịch bản 1/raw/b2_host_discovery.gnmap,33cf929549d40491a1e272b200912f000024dff58f3fa49b93804c93d33b8ca4,33cf929549d40491a1e272b200912f000024dff58f3fa49b93804c93d33b8ca4,TRUE,PRIMARY_RAW
chapter3/evidence/scenario1/b3_target_alive.nmap,ALL/01_Scenario1_Hình và các bằng chứng kịch bản 1/raw/b3_target_alive.nmap,502927b7aad6d735b6c05644ac74a65b4d9bab53830be17a04d5f993e2e2520b,502927b7aad6d735b6c05644ac74a65b4d9bab53830be17a04d5f993e2e2520b,TRUE,PRIMARY_RAW
chapter3/evidence/scenario1/b3_target_alive.xml,ALL/01_Scenario1_Hình và các bằng chứng kịch bản 1/raw/b3_target_alive.xml,d544cb56d9b29719440fdf7e04cfd8d980dd5916f88f9a84717615dd3e15132c,d544cb56d9b29719440fdf7e04cfd8d980dd5916f88f9a84717615dd3e15132c,TRUE,PRIMARY_RAW
chapter3/evidence/scenario1/b3_target_alive.gnmap,ALL/01_Scenario1_Hình và các bằng chứng kịch bản 1/raw/b3_target_alive.gnmap,5394398885154a5a75cda5b10687071ca0b508db226f56300984aab3b123adb4,5394398885154a5a75cda5b10687071ca0b508db226f56300984aab3b123adb4,TRUE,PRIMARY_RAW
chapter3/evidence/scenario1/b4_smb_ports.nmap,ALL/01_Scenario1_Hình và các bằng chứng kịch bản 1/raw/b4_smb_ports.nmap,f15c7d358c9eac1b1457e4b4e014770fc02a9a554f8098128720de3a08ee22e6,f15c7d358c9eac1b1457e4b4e014770fc02a9a554f8098128720de3a08ee22e6,TRUE,PRIMARY_RAW
chapter3/evidence/scenario1/b4_smb_ports.xml,ALL/01_Scenario1_Hình và các bằng chứng kịch bản 1/raw/b4_smb_ports.xml,ffe897d5ac0f38afa7a2bddc9387cb3609e769031606e1a18e772e9cf89cd9f6,ffe897d5ac0f38afa7a2bddc9387cb3609e769031606e1a18e772e9cf89cd9f6,TRUE,PRIMARY_RAW
chapter3/evidence/scenario1/b4_smb_ports.gnmap,ALL/01_Scenario1_Hình và các bằng chứng kịch bản 1/raw/b4_smb_ports.gnmap,0228ab27cebc22a500620ffd3d74197ef040a178311fc160ca85e74e0e4ad46c,0228ab27cebc22a500620ffd3d74197ef040a178311fc160ca85e74e0e4ad46c,TRUE,PRIMARY_RAW
chapter3/evidence/scenario1/b5_smb_version.nmap,ALL/01_Scenario1_Hình và các bằng chứng kịch bản 1/raw/b5_smb_version.nmap,13b9ff03c7f4ab9d0cc472fd46e60afd65ca2bfc3b646d823cf21b176508fff4,13b9ff03c7f4ab9d0cc472fd46e60afd65ca2bfc3b646d823cf21b176508fff4,TRUE,PRIMARY_RAW
chapter3/evidence/scenario1/b5_smb_version.xml,ALL/01_Scenario1_Hình và các bằng chứng kịch bản 1/raw/b5_smb_version.xml,71e84fbd765cd85505a683128c7c4991bc2e8a2cd3455fca2501f0b8c8c2e801,71e84fbd765cd85505a683128c7c4991bc2e8a2cd3455fca2501f0b8c8c2e801,TRUE,PRIMARY_RAW
chapter3/evidence/scenario1/b5_smb_version.gnmap,ALL/01_Scenario1_Hình và các bằng chứng kịch bản 1/raw/b5_smb_version.gnmap,5f163a5a1002e075163e7a8ac58a9f3b782ec6280bb4b7b865cb13678db7f43c,5f163a5a1002e075163e7a8ac58a9f3b782ec6280bb4b7b865cb13678db7f43c,TRUE,PRIMARY_RAW
chapter3/evidence/scenario1/b6_smb_nse.nmap,ALL/01_Scenario1_Hình và các bằng chứng kịch bản 1/raw/b6_smb_nse.nmap,a4dc92245ee2ea9688f1362b47f42b177cac350ac6b000f6b08adc01c4911c53,a4dc92245ee2ea9688f1362b47f42b177cac350ac6b000f6b08adc01c4911c53,TRUE,PRIMARY_RAW
chapter3/evidence/scenario1/b6_smb_nse.xml,ALL/01_Scenario1_Hình và các bằng chứng kịch bản 1/raw/b6_smb_nse.xml,993860df555d55171858a418d9469f361fead0713a501565510adb8b982a616a,993860df555d55171858a418d9469f361fead0713a501565510adb8b982a616a,TRUE,PRIMARY_RAW
chapter3/evidence/scenario1/b6_smb_nse.gnmap,ALL/01_Scenario1_Hình và các bằng chứng kịch bản 1/raw/b6_smb_nse.gnmap,6f70d0b36ada412ae0a3bccdab674c0d3aea421ea04aa45a20f62b71afd1b830,6f70d0b36ada412ae0a3bccdab674c0d3aea421ea04aa45a20f62b71afd1b830,TRUE,PRIMARY_RAW
chapter3/evidence/scenario1/Scenario1_B4_SMB_Ports.png,ALL/01_Scenario1_Hình và các bằng chứng kịch bản 1/Scenario1_B4_SMB_Ports.png,9f7a4b919c78cb08ec90f6c9bfa465176a1fa88876549ad235ab4f11c3f41a50,9f7a4b919c78cb08ec90f6c9bfa465176a1fa88876549ad235ab4f11c3f41a50,TRUE,PRIMARY_VISUAL
chapter3/evidence/scenario1/Scenario1_B5_SMB_Version.png,ALL/01_Scenario1_Hình và các bằng chứng kịch bản 1/Scenario1_B5_SMB_Version.png,05699e248fa66ab224adc6809fb057a282d86c29c3ce2851823e07bd874f6466,05699e248fa66ab224adc6809fb057a282d86c29c3ce2851823e07bd874f6466,TRUE,PRIMARY_VISUAL
chapter3/evidence/scenario1/Scenario1_B6_SMB_NSE_A.png,ALL/01_Scenario1_Hình và các bằng chứng kịch bản 1/Scenario1_B6_SMB_NSE_A.png,b5b236cbe695b530b44e0af592f010f1f49bef9f5da427b9958fd9020bd651f8,b5b236cbe695b530b44e0af592f010f1f49bef9f5da427b9958fd9020bd651f8,TRUE,PRIMARY_VISUAL
chapter3/evidence/scenario1/Scenario1_Run_Manifest.txt,ALL/01_Scenario1_Hình và các bằng chứng kịch bản 1/Scenario1_Run_Manifest.txt,3f8f92f0efca82bd4e1a93b9539c210f1adad1cf0e62a3b6d1e6d3b8716983ef,3f8f92f0efca82bd4e1a93b9539c210f1adad1cf0e62a3b6d1e6d3b8716983ef,TRUE,SECONDARY_META
chapter3/evidence/scenario2/NSE-SMB-01_ports.nmap,ALL/02_Scenario2_Hình và các bằng chứng kịch bản 2/raw/NSE-SMB-01_ports.nmap,17395ddf5206cd1aa71e45737163beacea69d3ded80b19ce9cdd35b84ebb71cb,17395ddf5206cd1aa71e45737163beacea69d3ded80b19ce9cdd35b84ebb71cb,TRUE,PRIMARY_RAW
chapter3/evidence/scenario2/NSE-SMB-01_ports.xml,ALL/02_Scenario2_Hình và các bằng chứng kịch bản 2/raw/NSE-SMB-01_ports.xml,91b4aa457ac7e0041091dd642487656217ce2cbbe7e684123dcbc99f48769904,91b4aa457ac7e0041091dd642487656217ce2cbbe7e684123dcbc99f48769904,TRUE,PRIMARY_RAW
chapter3/evidence/scenario2/NSE-SMB-01_ports.gnmap,ALL/02_Scenario2_Hình và các bằng chứng kịch bản 2/raw/NSE-SMB-01_ports.gnmap,e44b9d8958acef339b1109fa1551465da806255f26073b1358d08fd789e9d346,e44b9d8958acef339b1109fa1551465da806255f26073b1358d08fd789e9d346,TRUE,PRIMARY_RAW
chapter3/evidence/scenario2/NSE-SMB-02_protocols.nmap,ALL/02_Scenario2_Hình và các bằng chứng kịch bản 2/raw/NSE-SMB-02_protocols.nmap,cf9447b8f927bf896a582b8ea5ac8efa86b8cebca29c2b9afd7033a36aa4fa08,cf9447b8f927bf896a582b8ea5ac8efa86b8cebca29c2b9afd7033a36aa4fa08,TRUE,PRIMARY_RAW
chapter3/evidence/scenario2/NSE-SMB-02_protocols.xml,ALL/02_Scenario2_Hình và các bằng chứng kịch bản 2/raw/NSE-SMB-02_protocols.xml,f0b0647d0c7cbb5fa89c8dcab017e5f00db460f6119e5c58a2539904e36096f1,f0b0647d0c7cbb5fa89c8dcab017e5f00db460f6119e5c58a2539904e36096f1,TRUE,PRIMARY_RAW
chapter3/evidence/scenario2/NSE-SMB-02_protocols.gnmap,ALL/02_Scenario2_Hình và các bằng chứng kịch bản 2/raw/NSE-SMB-02_protocols.gnmap,0e803fe2c7adf2b6e36b64d4a8baf9f4ed36ea8865d74e7d2869983132bb6e31,0e803fe2c7adf2b6e36b64d4a8baf9f4ed36ea8865d74e7d2869983132bb6e31,TRUE,PRIMARY_RAW
chapter3/evidence/scenario2/NSE-SMB-03_signing.nmap,ALL/02_Scenario2_Hình và các bằng chứng kịch bản 2/raw/NSE-SMB-03_signing.nmap,96a7152bf76805ed8539c3c6c97be2a8f88f6a7edd459229bad706371aa31fa0,96a7152bf76805ed8539c3c6c97be2a8f88f6a7edd459229bad706371aa31fa0,TRUE,PRIMARY_RAW
chapter3/evidence/scenario2/NSE-SMB-03_signing.xml,ALL/02_Scenario2_Hình và các bằng chứng kịch bản 2/raw/NSE-SMB-03_signing.xml,408133be111de2365750cb03e148a904fea680322849774d0106800af88fa558,408133be111de2365750cb03e148a904fea680322849774d0106800af88fa558,TRUE,PRIMARY_RAW
chapter3/evidence/scenario2/NSE-SMB-03_signing.gnmap,ALL/02_Scenario2_Hình và các bằng chứng kịch bản 2/raw/NSE-SMB-03_signing.gnmap,a249ca839725427c712ba74f84cf08b3664923f5c9962ea7f2db3c9fd1e2c5d6,a249ca839725427c712ba74f84cf08b3664923f5c9962ea7f2db3c9fd1e2c5d6,TRUE,PRIMARY_RAW
chapter3/evidence/scenario2/NSE-SMB-04_ms17010.nmap,ALL/02_Scenario2_Hình và các bằng chứng kịch bản 2/raw/NSE-SMB-04_ms17010.nmap,181fcaab11b414a6943317964d002db5a6f953e63ef43bec01b165f5ac7a4cd4,181fcaab11b414a6943317964d002db5a6f953e63ef43bec01b165f5ac7a4cd4,TRUE,PRIMARY_RAW
chapter3/evidence/scenario2/NSE-SMB-04_ms17010.xml,ALL/02_Scenario2_Hình và các bằng chứng kịch bản 2/raw/NSE-SMB-04_ms17010.xml,cfd274057e8cb1153470487525ebd8ceb8b37ca946c4522a3d8276d7f1184a92,cfd274057e8cb1153470487525ebd8ceb8b37ca946c4522a3d8276d7f1184a92,TRUE,PRIMARY_RAW
chapter3/evidence/scenario2/NSE-SMB-04_ms17010.gnmap,ALL/02_Scenario2_Hình và các bằng chứng kịch bản 2/raw/NSE-SMB-04_ms17010.gnmap,90c66779ce8304bc9dde39a0fe92c67219750160e0be2f265171151f110347cd,90c66779ce8304bc9dde39a0fe92c67219750160e0be2f265171151f110347cd,TRUE,PRIMARY_RAW
chapter3/evidence/scenario2/Scenario2_NSE01_Ports.png,ALL/02_Scenario2_Hình và các bằng chứng kịch bản 2/Scenario2_NSE01_Ports.png,56c0a8cbb22bee4f22a21587ec38581525881ed95c3eff40db930db91956fda4,56c0a8cbb22bee4f22a21587ec38581525881ed95c3eff40db930db91956fda4,TRUE,PRIMARY_VISUAL
chapter3/evidence/scenario2/Scenario2_NSE02_Protocols.png,ALL/02_Scenario2_Hình và các bằng chứng kịch bản 2/Scenario2_NSE02_Protocols.png,e57de3aea8688fa73551bbc43b67a258907741de6ca09111219eec0a2413ceb0,e57de3aea8688fa73551bbc43b67a258907741de6ca09111219eec0a2413ceb0,TRUE,PRIMARY_VISUAL
chapter3/evidence/scenario2/Scenario2_NSE03_Signing.png,ALL/02_Scenario2_Hình và các bằng chứng kịch bản 2/Scenario2_NSE03_Signing.png,5fc4507628dc0568ecea02ee5124558b0f0835bea289405ca316b124c1fe5cfe,5fc4507628dc0568ecea02ee5124558b0f0835bea289405ca316b124c1fe5cfe,TRUE,PRIMARY_VISUAL
chapter3/evidence/scenario2/Scenario2_NSE04_MS17010.png,ALL/02_Scenario2_Hình và các bằng chứng kịch bản 2/Scenario2_NSE04_MS17010.png,c970e56481a920061416949ea7543dcb96f1f2f99635dbe201131073202e14ac,c970e56481a920061416949ea7543dcb96f1f2f99635dbe201131073202e14ac,TRUE,PRIMARY_VISUAL
chapter3/evidence/scenario2/Scenario2_Run_Manifest.txt,ALL/02_Scenario2_Hình và các bằng chứng kịch bản 2/Scenario2_Run_Manifest.txt,2b18d0d61cfa820526d53f6ff2d593b27b8bddbce971bb5a25b4d0da6e6658bd,2b18d0d61cfa820526d53f6ff2d593b27b8bddbce971bb5a25b4d0da6e6658bd,TRUE,SECONDARY_META
chapter3/evidence/case_b/SMBv1_Remediation_01_Before.png,ALL/03_Remediation_SMBv1_Hình và các bằng chứng thực thi biện pháp giảm thiểu khi tắt smbv1/SMBv1_Remediation_01_Before.png,e19cc9c7209769dd3bdfe530f59c8dee85087119c5147ccfb5bd6ac087498ca3,e19cc9c7209769dd3bdfe530f59c8dee85087119c5147ccfb5bd6ac087498ca3,TRUE,PRIMARY_VISUAL
chapter3/evidence/case_b/SMBv1_Remediation_02_Action.png,ALL/03_Remediation_SMBv1_Hình và các bằng chứng thực thi biện pháp giảm thiểu khi tắt smbv1/SMBv1_Remediation_02_Action.png,feb3a6ba1fe983177a6b4d190d7b1f880beea2c69af914b9edae2e5986b0467f,feb3a6ba1fe983177a6b4d190d7b1f880beea2c69af914b9edae2e5986b0467f,TRUE,PRIMARY_VISUAL
chapter3/evidence/case_b/SMBv1_Remediation_03_After_Local.png,ALL/03_Remediation_SMBv1_Hình và các bằng chứng thực thi biện pháp giảm thiểu khi tắt smbv1/SMBv1_Remediation_03_After_Local.png,2f762508ec98da3b6ed75813c32ed5622cbe1c982e6e6e2907086152e9a6a6ad,2f762508ec98da3b6ed75813c32ed5622cbe1c982e6e6e2907086152e9a6a6ad,TRUE,PRIMARY_VISUAL
chapter3/evidence/case_b/NSE-SMB-02_protocols.nmap,ALL/03_Remediation_SMBv1_Hình và các bằng chứng thực thi biện pháp giảm thiểu khi tắt smbv1/raw/NSE-SMB-02_protocols.nmap,30d8877e83b80ac6bd82daca3a80d3bbc33bb65e974e60d1db4d7699deae8337,30d8877e83b80ac6bd82daca3a80d3bbc33bb65e974e60d1db4d7699deae8337,TRUE,PRIMARY_RAW
chapter3/evidence/case_b/NSE-SMB-02_protocols.xml,ALL/03_Remediation_SMBv1_Hình và các bằng chứng thực thi biện pháp giảm thiểu khi tắt smbv1/raw/NSE-SMB-02_protocols.xml,8c7e3fe44ffb0a379252e8d2910ab3a4b840585b71c25eb3b0f438c5b4fcc944,8c7e3fe44ffb0a379252e8d2910ab3a4b840585b71c25eb3b0f438c5b4fcc944,TRUE,PRIMARY_RAW
chapter3/evidence/case_b/NSE-SMB-02_protocols.gnmap,ALL/03_Remediation_SMBv1_Hình và các bằng chứng thực thi biện pháp giảm thiểu khi tắt smbv1/raw/NSE-SMB-02_protocols.gnmap,9e2052ca5a685205af0418d1225f14637f42e9a5f44fd19bb2c7880711a7c4cf,9e2052ca5a685205af0418d1225f14637f42e9a5f44fd19bb2c7880711a7c4cf,TRUE,PRIMARY_RAW
chapter3/evidence/case_b/NSE-SMB-04_ms17010.nmap,ALL/03_Remediation_SMBv1_Hình và các bằng chứng thực thi biện pháp giảm thiểu khi tắt smbv1/raw/NSE-SMB-04_ms17010.nmap,85336e92da87a65d81145d95e361b8267c2460f30d3f4d66fa7de66631b236c3,85336e92da87a65d81145d95e361b8267c2460f30d3f4d66fa7de66631b236c3,TRUE,PRIMARY_RAW
chapter3/evidence/case_b/NSE-SMB-04_ms17010.xml,ALL/03_Remediation_SMBv1_Hình và các bằng chứng thực thi biện pháp giảm thiểu khi tắt smbv1/raw/NSE-SMB-04_ms17010.xml,da8a908e1aca518faea88fb521c0c39e95391e5a75d36cbf785d12b814c13541,da8a908e1aca518faea88fb521c0c39e95391e5a75d36cbf785d12b814c13541,TRUE,PRIMARY_RAW
chapter3/evidence/case_b/NSE-SMB-04_ms17010.gnmap,ALL/03_Remediation_SMBv1_Hình và các bằng chứng thực thi biện pháp giảm thiểu khi tắt smbv1/raw/NSE-SMB-04_ms17010.gnmap,991f767d6f5266bb3b44a2caba155790f6bbfbdee6bfaafdcbb089e8e92b2d62,991f767d6f5266bb3b44a2caba155790f6bbfbdee6bfaafdcbb089e8e92b2d62,TRUE,PRIMARY_RAW
chapter3/evidence/case_b/SMBv1_Remediation_04_NSE02_Protocols.png,ALL/03_Remediation_SMBv1_Hình và các bằng chứng thực thi biện pháp giảm thiểu khi tắt smbv1/SMBv1_Remediation_04_NSE02_Protocols.png,21ed6473f4e7010841e9730620b159c272238cf7335eb80fcfaf4ad61f7a7b5a,21ed6473f4e7010841e9730620b159c272238cf7335eb80fcfaf4ad61f7a7b5a,TRUE,PRIMARY_VISUAL
chapter3/evidence/case_b/SMBv1_Remediation_05_NSE04_MS17010.png,ALL/03_Remediation_SMBv1_Hình và các bằng chứng thực thi biện pháp giảm thiểu khi tắt smbv1/SMBv1_Remediation_05_NSE04_MS17010.png,f808cee46a84ce58cbfa31e8d01b61f8649d0453f45d90e949f966352fd57fba,f808cee46a84ce58cbfa31e8d01b61f8649d0453f45d90e949f966352fd57fba,TRUE,PRIMARY_VISUAL
chapter3/evidence/case_b/SMBv1_Remediation_Run_Manifest.txt,ALL/03_Remediation_SMBv1_Hình và các bằng chứng thực thi biện pháp giảm thiểu khi tắt smbv1/SMBv1_Remediation_Run_Manifest.txt,6a0a60568c545b7bbf457e5199d0e6a3d8e2eebe85817698cf5f8e3d07abc0d0,6a0a60568c545b7bbf457e5199d0e6a3d8e2eebe85817698cf5f8e3d07abc0d0,TRUE,SECONDARY_META
chapter3/evidence/case_c/pfSense_03_Interface_Assignment.png,ALL/04_Remediation_pfSense_Hình và các bằng chứng thực thi biện pháp giảm thiểu khi có firewall pfsen hạn chế/pfSense_03_Interface_Assignment.png,ecf111151386022a55bbea657b314009eb3efb08f0a6232ab13f910dce3b6b6d,ecf111151386022a55bbea657b314009eb3efb08f0a6232ab13f910dce3b6b6d,TRUE,PRIMARY_VISUAL
chapter3/evidence/case_c/pfSense_04_Bridge.png,ALL/04_Remediation_pfSense_Hình và các bằng chứng thực thi biện pháp giảm thiểu khi có firewall pfsen hạn chế/pfSense_04_Bridge.png,f955b3d556f20372a9a831da4d4daa441e05dea5fe49a7f05d1cca013fd0a517,f955b3d556f20372a9a831da4d4daa441e05dea5fe49a7f05d1cca013fd0a517,TRUE,PRIMARY_VISUAL
chapter3/evidence/case_c/pfSense_05_Bridge_Filtering.png,ALL/04_Remediation_pfSense_Hình và các bằng chứng thực thi biện pháp giảm thiểu khi có firewall pfsen hạn chế/pfSense_05_Bridge_Filtering.png,9408c0962dd4a221152b9c6fd927a7d9417cfb54c626a3dd9d50f5e325c985da,9408c0962dd4a221152b9c6fd927a7d9417cfb54c626a3dd9d50f5e325c985da,TRUE,PRIMARY_VISUAL
chapter3/evidence/case_c/pfSense_06_Baseline_Pass_Rule.png,ALL/04_Remediation_pfSense_Hình và các bằng chứng thực thi biện pháp giảm thiểu khi có firewall pfsen hạn chế/pfSense_06_Baseline_Pass_Rule.png,30fd54c59431083b19d8ed3dc2f0e002910382d587a361c84bc17adf3dbf1fa6,30fd54c59431083b19d8ed3dc2f0e002910382d587a361c84bc17adf3dbf1fa6,TRUE,PRIMARY_VISUAL
chapter3/evidence/case_c/pfSense_07_Block_Rule_Config.png,ALL/04_Remediation_pfSense_Hình và các bằng chứng thực thi biện pháp giảm thiểu khi có firewall pfsen hạn chế/pfSense_07_Block_Rule_Config.png,af694b811ebed2a431746198ff3cb62b4af356db8b17b257966889eca11e3fa1,af694b811ebed2a431746198ff3cb62b4af356db8b17b257966889eca11e3fa1,TRUE,PRIMARY_VISUAL
chapter3/evidence/case_c/pfSense_08_Rule_Order.png,ALL/04_Remediation_pfSense_Hình và các bằng chứng thực thi biện pháp giảm thiểu khi có firewall pfsen hạn chế/pfSense_08_Rule_Order.png,6029ea7c923c297aa9bc65c3c551a17e1d4f569a2c98f78846a39c69e22aeb45,6029ea7c923c297aa9bc65c3c551a17e1d4f569a2c98f78846a39c69e22aeb45,TRUE,PRIMARY_VISUAL
chapter3/evidence/case_c/NSE-SMB-01_ports.nmap,ALL/04_Remediation_pfSense_Hình và các bằng chứng thực thi biện pháp giảm thiểu khi có firewall pfsen hạn chế/raw/NSE-SMB-01_ports.nmap,5dd208208d4f281b86897a44ad0f3bc4006b380b72475af0893085b9d453481e,5dd208208d4f281b86897a44ad0f3bc4006b380b72475af0893085b9d453481e,TRUE,PRIMARY_RAW
chapter3/evidence/case_c/NSE-SMB-01_ports.xml,ALL/04_Remediation_pfSense_Hình và các bằng chứng thực thi biện pháp giảm thiểu khi có firewall pfsen hạn chế/raw/NSE-SMB-01_ports.xml,89990ae787eda0f26156a1251deef83260a2cb5290a52f28baf76ddf0623da31,89990ae787eda0f26156a1251deef83260a2cb5290a52f28baf76ddf0623da31,TRUE,PRIMARY_RAW
chapter3/evidence/case_c/NSE-SMB-01_ports.gnmap,ALL/04_Remediation_pfSense_Hình và các bằng chứng thực thi biện pháp giảm thiểu khi có firewall pfsen hạn chế/raw/NSE-SMB-01_ports.gnmap,81109d00c18143ed53ecdcb6261c6726c428c01fd10261833cd45171886422ca,81109d00c18143ed53ecdcb6261c6726c428c01fd10261833cd45171886422ca,TRUE,PRIMARY_RAW
chapter3/evidence/case_c/NSE-SMB-04_ms17010.nmap,ALL/04_Remediation_pfSense_Hình và các bằng chứng thực thi biện pháp giảm thiểu khi có firewall pfsen hạn chế/raw/NSE-SMB-04_ms17010.nmap,ddd2f63535f7b7485c36de1146fb252b4690f3f2c98b259b22a90217ff488d03,ddd2f63535f7b7485c36de1146fb252b4690f3f2c98b259b22a90217ff488d03,TRUE,PRIMARY_RAW
chapter3/evidence/case_c/NSE-SMB-04_ms17010.xml,ALL/04_Remediation_pfSense_Hình và các bằng chứng thực thi biện pháp giảm thiểu khi có firewall pfsen hạn chế/raw/NSE-SMB-04_ms17010.xml,7c33ca6b3951945c7d891b696ab89b78fe05931cc98c33970f9a55a912380c60,7c33ca6b3951945c7d891b696ab89b78fe05931cc98c33970f9a55a912380c60,TRUE,PRIMARY_RAW
chapter3/evidence/case_c/NSE-SMB-04_ms17010.gnmap,ALL/04_Remediation_pfSense_Hình và các bằng chứng thực thi biện pháp giảm thiểu khi có firewall pfsen hạn chế/raw/NSE-SMB-04_ms17010.gnmap,2306bb0e5aa9ec2182701e245c9a0dd37a71c0f40ea9bc0d7ac6832b68118e8f,2306bb0e5aa9ec2182701e245c9a0dd37a71c0f40ea9bc0d7ac6832b68118e8f,TRUE,PRIMARY_RAW
chapter3/evidence/case_c/pfSense_CaseC_09_NSE01_Ports_CANONICAL.png,ALL/04_Remediation_pfSense_Hình và các bằng chứng thực thi biện pháp giảm thiểu khi có firewall pfsen hạn chế/pfSense_CaseC_09_NSE01_Ports_CANONICAL.png,de266abb4fa3e8412cfc091975d714bb4bf1168a2e3d7f6cba7d7276f22dfba7,de266abb4fa3e8412cfc091975d714bb4bf1168a2e3d7f6cba7d7276f22dfba7,TRUE,PRIMARY_VISUAL
chapter3/evidence/case_c/pfSense_10_Block_Log_CANONICAL.png,ALL/04_Remediation_pfSense_Hình và các bằng chứng thực thi biện pháp giảm thiểu khi có firewall pfsen hạn chế/pfSense_10_Block_Log_CANONICAL.png,3b8383c54143f8a01eb6201462a6b30877f4b95f27b1a72f54b8b07562a68bc2,3b8383c54143f8a01eb6201462a6b30877f4b95f27b1a72f54b8b07562a68bc2,TRUE,PRIMARY_VISUAL_WITH_BOUNDED_CONFLICT
chapter3/evidence/case_c/pfSense_CaseC_11_NSE04_MS17010_CANONICAL.png,ALL/04_Remediation_pfSense_Hình và các bằng chứng thực thi biện pháp giảm thiểu khi có firewall pfsen hạn chế/pfSense_CaseC_11_NSE04_MS17010_CANONICAL.png,ecd605f0c2e46690988253ec104f9111844e06a600e3e2d1b0a45506ce5cbf12,ecd605f0c2e46690988253ec104f9111844e06a600e3e2d1b0a45506ce5cbf12,TRUE,PRIMARY_VISUAL
chapter3/evidence/case_c/pfSense_Remediation_Run_Manifest.txt,ALL/04_Remediation_pfSense_Hình và các bằng chứng thực thi biện pháp giảm thiểu khi có firewall pfsen hạn chế/pfSense_Remediation_Run_Manifest.txt,2b0cf912febf59ed93d2e76e5ac40da056af6dce3d353b4a3737c9ad7b4df54c,2b0cf912febf59ed93d2e76e5ac40da056af6dce3d353b4a3737c9ad7b4df54c,TRUE,SECONDARY_META
chapter3/evidence/case_c/RUN4_PAUSE_STATE_REPORT.txt,ALL/04_Remediation_pfSense_Hình và các bằng chứng thực thi biện pháp giảm thiểu khi có firewall pfsen hạn chế/RUN4_PAUSE_STATE_REPORT.txt,e88212e41f9b36d8d8dacdf695d06dd0b51b32a07f3d22c6b626c9993e228dca,e88212e41f9b36d8d8dacdf695d06dd0b51b32a07f3d22c6b626c9993e228dca,TRUE,SECONDARY_META_CLOSURE
