path,size,sha256,ext,classification,rationale
ALL/00_Environment_Hình và các bằng chứng xây dựng môi trường/Baseline/Kali/Kali_Baseline.txt,1833,48e0b58fdce20e1e2be5e988e8ecc6a53480c6e81a7711f45057f9a832ebe85e,.txt,HISTORICAL_EARLY_STATE,Early Kali state before Nmap installation; not final demo baseline.
ALL/00_Environment_Hình và các bằng chứng xây dựng môi trường/Baseline/Kali/Kali_Baseline_01_IP_Route.png,485558,62b117ade7ff297caea4c99e807c3989c3c1fcadfff0b73c2a89a3781138de33,.png,HISTORICAL_EARLY_STATE,Early Kali baseline visual; superseded by final pre-demo state.
ALL/00_Environment_Hình và các bằng chứng xây dựng môi trường/Baseline/Kali/Kali_Baseline_02_NmapVersion.png,410918,4e2c38f53cc9823fc9ffe57a2b3ee8945e08e32ef0cc70947b12b5275889ce49,.png,HISTORICAL_EARLY_STATE,Early Kali baseline visual; superseded by final pre-demo state.
ALL/00_Environment_Hình và các bằng chứng xây dựng môi trường/Baseline/Kali/Kali_Baseline_03_ScriptHelp_Protocols.png,411889,5a3c4dafd94570d1466f8995040c4dca34b94542b8559357b3c28dbd282cfa5f,.png,HISTORICAL_EARLY_STATE,Early Kali baseline visual; superseded by final pre-demo state.
ALL/00_Environment_Hình và các bằng chứng xây dựng môi trường/Baseline/Kali/Kali_Baseline_04_ScriptHelp_Signing.png,412657,2b67e1141ed14020e310bca8807cdd853247deba81b18fb077ea1958cce91e4e,.png,HISTORICAL_EARLY_STATE,Early Kali baseline visual; superseded by final pre-demo state.
ALL/00_Environment_Hình và các bằng chứng xây dựng môi trường/Baseline/Kali/Kali_Baseline_05_ScriptHelp_MS17010.png,412341,9c04a6eec385901639e31fc4640b8b930ef0c004f1465b0200ffa62eed337346,.png,HISTORICAL_EARLY_STATE,Early Kali baseline visual; superseded by final pre-demo state.
ALL/00_Environment_Hình và các bằng chứng xây dựng môi trường/Baseline/Kali/Kali_Baseline_06_Tools.png,444677,8ad98b9ee075e40c466270b726ac6889190374ae064a75b7764010511d5ee6ac,.png,HISTORICAL_EARLY_STATE,Early Kali baseline visual; superseded by final pre-demo state.
ALL/00_Environment_Hình và các bằng chứng xây dựng môi trường/Baseline/Windows/Windows_Baseline.txt,5054,e90610146178766e7be3a6dbad360c0ce7d11f642ae089409bdb5d98b6ce1a6a,.txt,SUPPORTING_BASELINE,Early Windows baseline; final pre-demo/local patch records have higher precedence.
ALL/00_Environment_Hình và các bằng chứng xây dựng môi trường/Baseline/Windows/Windows_Baseline_01_Winver.png,66708,304cb74a67439afd55baea52fd7bc60d4040b453a85bf82f9b603e70b643f9f9,.png,SUPPORTING_BASELINE,Windows baseline visual; final pre-demo/local state has higher precedence.
ALL/00_Environment_Hình và các bằng chứng xây dựng môi trường/Baseline/Windows/Windows_Baseline_02_SystemInfo_OS.png,53946,03824e3e1e180cb985ee0f2b7e8f88366e678d7af60f616530e650a084c70e77,.png,SUPPORTING_BASELINE,Windows baseline visual; final pre-demo/local state has higher precedence.
ALL/00_Environment_Hình và các bằng chứng xây dựng môi trường/Baseline/Windows/Windows_Baseline_03_SystemInfo_Hotfix.png,53946,03824e3e1e180cb985ee0f2b7e8f88366e678d7af60f616530e650a084c70e77,.png,EXCLUDED_BYTE_DUPLICATE,Byte-identical duplicate of Windows_Baseline_02_SystemInfo_OS.png.
ALL/00_Environment_Hình và các bằng chứng xây dựng môi trường/Baseline/Windows/Windows_Baseline_04_SMB_Service.png,30994,35e3726327c112d96806118b57ad2e2c7dacce40011be2921aab266d5f93315e,.png,SUPPORTING_BASELINE,Windows baseline visual; final pre-demo/local state has higher precedence.
ALL/00_Environment_Hình và các bằng chứng xây dựng môi trường/Baseline/Windows/Windows_Baseline_05_SMB_Features.png,30413,cda08cc9c403a0ea74dfac4ef67caaa6a524f4973c64e6fd4dc3709e3b6e6191,.png,SUPPORTING_BASELINE,Windows baseline visual; final pre-demo/local state has higher precedence.
ALL/00_Environment_Hình và các bằng chứng xây dựng môi trường/Baseline/Windows/Windows_Baseline_06_SMB_Config.png,31801,1974a179c39fb902d0bffa60d0bf2d087e450b46907e4bc463d41034e2d47029,.png,SUPPORTING_BASELINE,Windows baseline visual; final pre-demo/local state has higher precedence.
ALL/00_Environment_Hình và các bằng chứng xây dựng môi trường/Baseline/Windows/Windows_Baseline_07_Firewall.png,33070,0d6ae743478445dbc7e27159826d444a2b840874cd76f27293fb7e0d8604b817,.png,SUPPORTING_BASELINE,Windows baseline visual; final pre-demo/local state has higher precedence.
ALL/00_Environment_Hình và các bằng chứng xây dựng môi trường/FirewallPrep/Windows_FirewallPrep_01_Before.png,46569,76430c31468f6fee8f3ce4d54652f6e4b0c774c89ea3b9d335c7fba9cd4316b4,.png,PRIMARY_VISUAL,Firewall preparation visual supporting final audit.
ALL/00_Environment_Hình và các bằng chứng xây dựng môi trường/FirewallPrep/Windows_FirewallPrep_02_Action.png,46147,e1357c480956750fb21de9c5005b8c840d125f5a5c26513f3310dd70fc922724,.png,PRIMARY_VISUAL,Firewall preparation visual supporting final audit.
ALL/00_Environment_Hình và các bằng chứng xây dựng môi trường/FirewallPrep/Windows_FirewallPrep_03_After.png,43942,92358b75063e41e12070cc80a151baee40c783c0b91486a8243d477a238fd4f1,.png,PRIMARY_VISUAL,Firewall preparation visual supporting final audit.
ALL/00_Environment_Hình và các bằng chứng xây dựng môi trường/FirewallPrep/Windows_FirewallPrep_04_Scope.png,42711,0af3b146b9275ff64276fd3da0c74e01cedd72c3561fd4b31e8fd0355f8a717c,.png,PRIMARY_VISUAL,Firewall preparation visual supporting final audit.
ALL/00_Environment_Hình và các bằng chứng xây dựng môi trường/FirewallPrep/Windows_FirewallPrep_Final.txt,5349,119fb52ab97bb1c467678ff2f796428809ff61e811c6cf6740ee9bea4aeadfe3,.txt,PRIMARY_LOCAL_STATE,Final Windows Firewall scope/listener audit.
ALL/00_Environment_Hình và các bằng chứng xây dựng môi trường/Kali/Kali_Basic_01_FirstDesktop.png,643286,4b3f02a5160422263eadf8f737b08614eee7f509a58635adb63d0ee9d7cc112d,.png,SUPPORTING,Supporting setup/configuration artifact.
ALL/00_Environment_Hình và các bằng chứng xây dựng môi trường/Kali/Kali_Basic_02_GuestIntegration.png,458498,79fe195dd8afc1ed06fb5758199e0febed6c3320da744bf99404296f81dbe825,.png,SUPPORTING,Supporting setup/configuration artifact.
ALL/00_Environment_Hình và các bằng chứng xây dựng môi trường/Kali/Kali_Basic_03_FinalDesktop.png,553301,951e1509d38dde04565da41fad2de87b1c6c966601fb5198b335858a93f0e6c7,.png,SUPPORTING,Supporting setup/configuration artifact.
ALL/00_Environment_Hình và các bằng chứng xây dựng môi trường/Kali/Kali_Install_01_Installer.png,156662,6217de97be02b3a03920dcfd28c6cc4ebe9a9314012767372c4491203b852bad,.png,SUPPORTING,Supporting setup/configuration artifact.
ALL/00_Environment_Hình và các bằng chứng xây dựng môi trường/Kali/Kali_Install_02_DiskSetup.png,16625,69d3e2b005998a31f8ddbd7e2e5c24b1a4b6df1a75ae665d433a7c388b15a14e,.png,SUPPORTING,Supporting setup/configuration artifact.
ALL/00_Environment_Hình và các bằng chứng xây dựng môi trường/Kali/Kali_Install_03_UserSetup.png,16997,82aa98a3d7c7134a7623b174372fcb9a328bdc0475644155fb9ea1317beb225a,.png,SUPPORTING,Supporting setup/configuration artifact.
ALL/00_Environment_Hình và các bằng chứng xây dựng môi trường/Kali/Kali_VM_Config.txt,4717,3f158aa46b2eba6705f579f5d5186f28e1bd8d368b96100dec0c05e8b21ab060,.txt,SUPPORTING,Supporting setup/configuration artifact.
ALL/00_Environment_Hình và các bằng chứng xây dựng môi trường/Network/Kali_Network_Config.png,439243,3ad52e11942ce9504d3ffcd6529e049d405e0d75c5bff37cf44660da327cfc15,.png,SUPPORTING,Network configuration/connectivity screenshot.
ALL/00_Environment_Hình và các bằng chứng xây dựng môi trường/Network/Kali_to_Windows_Connectivity.png,474291,d3e75eb5e9005769fac2a038ec38f968f7cc39281ace4ab9fb2a71e0bf9f0034,.png,SUPPORTING,Network configuration/connectivity screenshot.
ALL/00_Environment_Hình và các bằng chứng xây dựng môi trường/Network/VirtualBox_HostOnly_Config.txt,2430,33d87da88f5357b1601b69e5a4650433f7c031aa33f38d33369fc2cac86d7bc9,.txt,PRIMARY_LOCAL_STATE,Direct VirtualBox Host-Only and NIC configuration text.
ALL/00_Environment_Hình và các bằng chứng xây dựng môi trường/Network/Windows_Network_Config.png,61328,6ecdb1abb3026e015a72f9577d6a5fa10b41350dec6bec05d5c7cbf9b4e9c699,.png,SUPPORTING,Network configuration/connectivity screenshot.
ALL/00_Environment_Hình và các bằng chứng xây dựng môi trường/PatchBaseline/MS17-010_Official_Mapping.txt,4417,938e4c15fb96c0c39cf02ec473fe5addb646e9d8f06f3aab7021ca0f3c8e8261,.txt,PRIMARY_LOCAL_STATE,Local patch mapping/state record; external Microsoft source still required for report citation.
ALL/00_Environment_Hình và các bằng chứng xây dựng môi trường/PatchBaseline/Windows_MS17010_01_SrvSysVersion.png,33857,2f8c1b7ce276919c72bb40a75fbeacdef81f2fa98695758df27f8772bdc149c8,.png,PRIMARY_VISUAL,Direct visual of local patch/hotfix state.
ALL/00_Environment_Hình và các bằng chứng xây dựng môi trường/PatchBaseline/Windows_MS17010_02_Hotfix.png,54418,c2130e7256c08f592f9f884ec979e505c775cdfb74bc149dfa63fef5335e658f,.png,PRIMARY_VISUAL,Direct visual of local patch/hotfix state.
ALL/00_Environment_Hình và các bằng chứng xây dựng môi trường/PreDemo/Before_Demo_Snapshots.txt,1937,4e120518454ea263f7ae8aa1373f0a5e1303c81e27e6f6a6bd5e509149222308,.txt,PRIMARY_LOCAL_STATE,Final snapshot verification after pre-demo audit.
ALL/00_Environment_Hình và các bằng chứng xây dựng môi trường/PreDemo/Final_PreDemo_Audit.txt,5097,532a2fa06ee0df772444ea14242591d4ee407d0477e0081f68a549bff6a66b38,.txt,PRIMARY_LOCAL_STATE,Final pre-demo OS/network/tool/SMB audit; snapshot chronology handled separately.
ALL/00_Environment_Hình và các bằng chứng xây dựng môi trường/PreDemo/Kali_PreDemo_01_Network_Tools.png,328889,f145b69eae5fa1bd61173c644cc8edfe25d02cecb1d77912c51af9a0359f951f,.png,PRIMARY_VISUAL,Final pre-demo visual state.
ALL/00_Environment_Hình và các bằng chứng xây dựng môi trường/PreDemo/Kali_PreDemo_02_NSE_Scripts.png,357388,3f38320604207679dcd96dd9c91cd23b40cb526f10c68747a2d80774c5d456f8,.png,PRIMARY_VISUAL,Final pre-demo visual state.
ALL/00_Environment_Hình và các bằng chứng xây dựng môi trường/PreDemo/Windows_PreDemo_01_Network_SMB.png,69617,e3744451374e9544f29dda79b06bd1e8df122119ef046b20dfb9f396d65a0b34,.png,PRIMARY_VISUAL,Final pre-demo visual state.
ALL/00_Environment_Hình và các bằng chứng xây dựng môi trường/PreDemo/Windows_PreDemo_02_Firewall.png,60847,c685573c3c1d00460d49d8718cc02a48ef8bceda26ce5cac1ab913e1db0d7077,.png,PRIMARY_VISUAL,Final pre-demo visual state.
ALL/00_Environment_Hình và các bằng chứng xây dựng môi trường/Tools/Kali/Cleanup/Kali_Cleanup_01_Before.png,234717,a7a7457fb6ff976660b04a8319f91d3de26306e0cd2bab261d025e287b7d5818,.png,SUPPORTING,Tool cleanup/history; not final experimental result.
ALL/00_Environment_Hình và các bằng chứng xây dựng môi trường/Tools/Kali/Cleanup/Kali_Cleanup_02_After.png,233957,d177c0f58bcd2c61b204de2bfe5640d008cf0d5e10fc650c6cd660251eb9f712,.png,SUPPORTING,Tool cleanup/history; not final experimental result.
ALL/00_Environment_Hình và các bằng chứng xây dựng môi trường/Tools/Kali/Cleanup/Kali_Cleanup_Final.txt,2377,de69a32c71787912ae60e56b4ff937b16c55529c5f8701dfc87a5e2469697c52,.txt,SUPPORTING,Tool cleanup/history; not final experimental result.
ALL/00_Environment_Hình và các bằng chứng xây dựng môi trường/Tools/Kali/Kali_Tools_01_Install_Start.png,403530,26014fcba3ce39d87b2c8b3f7b9b5b64942b5020550d80fb573a44710e2355c9,.png,SUPPORTING,Supporting setup/configuration artifact.
ALL/00_Environment_Hình và các bằng chứng xây dựng môi trường/Tools/Kali/Kali_Tools_02_Install_Complete.png,404033,8c0b915cdf456d340933be40b931029d7db72a2088a6dca3588da651c0b2c60e,.png,SUPPORTING,Supporting setup/configuration artifact.
ALL/00_Environment_Hình và các bằng chứng xây dựng môi trường/Tools/Kali/Kali_Tools_03_NmapVersion.png,230067,83b8a7d6b3e52d4ba69f9cc38258be653a228528c8cb0ea9d972a39fde42fa64,.png,SUPPORTING,Supporting setup/configuration artifact.
ALL/00_Environment_Hình và các bằng chứng xây dựng môi trường/Tools/Kali/Kali_Tools_04_ScriptHelp_Protocols.png,289909,0b1f7b6b73c124dc4658a387305015428aacfe3e672410c66602197ba174a358,.png,SUPPORTING,Supporting setup/configuration artifact.
ALL/00_Environment_Hình và các bằng chứng xây dựng môi trường/Tools/Kali/Kali_Tools_05_ScriptHelp_Signing.png,324631,01a25641f0f2c8fa4dfee4a00d3f5643325b72479ff5df7df4857d52996d91b3,.png,SUPPORTING,Supporting setup/configuration artifact.
ALL/00_Environment_Hình và các bằng chứng xây dựng môi trường/Tools/Kali/Kali_Tools_06_ScriptHelp_MS17010.png,315086,939bf3244adf2ee66a32233afea1700729671620c748bb35d229cb50edd5a4a8,.png,SUPPORTING,Supporting setup/configuration artifact.
ALL/00_Environment_Hình và các bằng chứng xây dựng môi trường/Tools/Kali/Kali_Tools_07_Metasploit.png,231211,ecbe3690e5ad72e4187aaea7d3fcb67962000b94a937a0c980a89e9c926ab50b,.png,SUPPORTING,Supporting setup/configuration artifact.
ALL/00_Environment_Hình và các bằng chứng xây dựng môi trường/Tools/Kali/Kali_Tools_08_Final_Network.png,277285,c16c449b4333e0ed8db792aa8e702b4108e515be62055a1a972884959aea4097,.png,SUPPORTING,Supporting setup/configuration artifact.
ALL/00_Environment_Hình và các bằng chứng xây dựng môi trường/Tools/Kali/Kali_Tools_VM_Network_Final.txt,557,8a1e68a2917091782b7781fc632ddf15708acd2012b6cd4796a376b88fb71f4a,.txt,SUPPORTING,Supporting setup/configuration artifact.
ALL/00_Environment_Hình và các bằng chứng xây dựng môi trường/Windows/Windows_Basic_01_FirstDesktop.png,60918,75c898e401ed4b6ad4c43365ff0d8366cf54b93a3dea03525f7a1ef093ce9075,.png,SUPPORTING,Supporting setup/configuration artifact.
ALL/00_Environment_Hình và các bằng chứng xây dựng môi trường/Windows/Windows_Basic_02_GuestAdditions.png,40941,4db62f17812b793ceb3a51408eed09a9c6bdc0cc74e6b928659ffcbd31f68c8c,.png,SUPPORTING,Supporting setup/configuration artifact.
ALL/00_Environment_Hình và các bằng chứng xây dựng môi trường/Windows/Windows_Basic_03_FinalDesktop.png,63792,ce2134d5610320fc7c90c4b41f30cb0937daea7f8d9ee6bf71e9acc73e4eb638,.png,SUPPORTING,Supporting setup/configuration artifact.
ALL/00_Environment_Hình và các bằng chứng xây dựng môi trường/Windows/Windows_Install_01_Setup.png,25928,fbf7d673a510bd196de83bc8f0ab65c75f8172186b3265f68afbee8039dde6d6,.png,SUPPORTING,Supporting setup/configuration artifact.
ALL/00_Environment_Hình và các bằng chứng xây dựng môi trường/Windows/Windows_Install_02_Edition.png,31897,a40c7e8eb9469f342f239ffaccef98c4bf7643ffc4f2d6a4b5fd7b630e9ef8fe,.png,SUPPORTING,Supporting setup/configuration artifact.
ALL/00_Environment_Hình và các bằng chứng xây dựng môi trường/Windows/Windows_Install_03_DiskSetup.png,27592,01319966019d4faf5ed859e23e100315a7a1a99dcd4e37a3d2b39c7e184f13ce,.png,SUPPORTING,Supporting setup/configuration artifact.
ALL/00_Environment_Hình và các bằng chứng xây dựng môi trường/Windows/Windows_VM_Config.txt,4809,c4627ea958f72f2dd2ceeb369b2e82521d74443a1039d6c9695b6bcf2b861242,.txt,SUPPORTING,Supporting setup/configuration artifact.
ALL/01_Scenario1_Hình và các bằng chứng kịch bản 1/raw/b2_host_discovery.gnmap,374,33cf929549d40491a1e272b200912f000024dff58f3fa49b93804c93d33b8ca4,.gnmap,PRIMARY_RAW,Machine-generated canonical Nmap raw output in final archive path.
ALL/01_Scenario1_Hình và các bằng chứng kịch bản 1/raw/b2_host_discovery.nmap,650,d2219adb0a780a139143ddb3cd65131f8a4a7a1c539a52be6d075f17500a3557,.nmap,PRIMARY_RAW,Machine-generated canonical Nmap raw output in final archive path.
ALL/01_Scenario1_Hình và các bằng chứng kịch bản 1/raw/b2_host_discovery.xml,1767,769be1181049fb9fafe1535cb99c3bc00a6eff462744e44f45c9b53f8e8619a3,.xml,PRIMARY_RAW,Machine-generated canonical Nmap raw output in final archive path.
ALL/01_Scenario1_Hình và các bằng chứng kịch bản 1/raw/b3_target_alive.gnmap,263,5394398885154a5a75cda5b10687071ca0b508db226f56300984aab3b123adb4,.gnmap,PRIMARY_RAW,Machine-generated canonical Nmap raw output in final archive path.
ALL/01_Scenario1_Hình và các bằng chứng kịch bản 1/raw/b3_target_alive.nmap,358,502927b7aad6d735b6c05644ac74a65b4d9bab53830be17a04d5f993e2e2520b,.nmap,PRIMARY_RAW,Machine-generated canonical Nmap raw output in final archive path.
ALL/01_Scenario1_Hình và các bằng chứng kịch bản 1/raw/b3_target_alive.xml,1076,d544cb56d9b29719440fdf7e04cfd8d980dd5916f88f9a84717615dd3e15132c,.xml,PRIMARY_RAW,Machine-generated canonical Nmap raw output in final archive path.
ALL/01_Scenario1_Hình và các bằng chứng kịch bản 1/raw/b4_smb_ports.gnmap,366,0228ab27cebc22a500620ffd3d74197ef040a178311fc160ca85e74e0e4ad46c,.gnmap,PRIMARY_RAW,Machine-generated canonical Nmap raw output in final archive path.
ALL/01_Scenario1_Hình và các bằng chứng kịch bản 1/raw/b4_smb_ports.nmap,516,f15c7d358c9eac1b1457e4b4e014770fc02a9a554f8098128720de3a08ee22e6,.nmap,PRIMARY_RAW,Machine-generated canonical Nmap raw output in final archive path.
ALL/01_Scenario1_Hình và các bằng chứng kịch bản 1/raw/b4_smb_ports.xml,1787,ffe897d5ac0f38afa7a2bddc9387cb3609e769031606e1a18e772e9cf89cd9f6,.xml,PRIMARY_RAW,Machine-generated canonical Nmap raw output in final archive path.
ALL/01_Scenario1_Hình và các bằng chứng kịch bản 1/raw/b5_smb_version.gnmap,466,5f163a5a1002e075163e7a8ac58a9f3b782ec6280bb4b7b865cb13678db7f43c,.gnmap,PRIMARY_RAW,Machine-generated canonical Nmap raw output in final archive path.
ALL/01_Scenario1_Hình và các bằng chứng kịch bản 1/raw/b5_smb_version.nmap,748,13b9ff03c7f4ab9d0cc472fd46e60afd65ca2bfc3b646d823cf21b176508fff4,.nmap,PRIMARY_RAW,Machine-generated canonical Nmap raw output in final archive path.
ALL/01_Scenario1_Hình và các bằng chứng kịch bản 1/raw/b5_smb_version.xml,2076,71e84fbd765cd85505a683128c7c4991bc2e8a2cd3455fca2501f0b8c8c2e801,.xml,PRIMARY_RAW,Machine-generated canonical Nmap raw output in final archive path.
ALL/01_Scenario1_Hình và các bằng chứng kịch bản 1/raw/b6_smb_nse.gnmap,433,6f70d0b36ada412ae0a3bccdab674c0d3aea421ea04aa45a20f62b71afd1b830,.gnmap,PRIMARY_RAW,Machine-generated canonical Nmap raw output in final archive path.
ALL/01_Scenario1_Hình và các bằng chứng kịch bản 1/raw/b6_smb_nse.nmap,1064,a4dc92245ee2ea9688f1362b47f42b177cac350ac6b000f6b08adc01c4911c53,.nmap,PRIMARY_RAW,Machine-generated canonical Nmap raw output in final archive path.
ALL/01_Scenario1_Hình và các bằng chứng kịch bản 1/raw/b6_smb_nse.xml,3279,993860df555d55171858a418d9469f361fead0713a501565510adb8b982a616a,.xml,PRIMARY_RAW,Machine-generated canonical Nmap raw output in final archive path.
ALL/01_Scenario1_Hình và các bằng chứng kịch bản 1/Scenario1_B1_IP_Route.png,190337,23c5f0d7cf3d9ed5a72fc2245ae3aba58693ade3263787cc5534170fef312937,.png,PRIMARY_VISUAL,Scenario 1 execution screenshot corresponding to canonical run.
ALL/01_Scenario1_Hình và các bằng chứng kịch bản 1/Scenario1_B2_Host_Discovery.png,177950,b413b2e0a6a0cc53a5b5cf5e2f2e11dfd233d7a8cad6a8be8886807decb7eb57,.png,PRIMARY_VISUAL,Scenario 1 execution screenshot corresponding to canonical run.
ALL/01_Scenario1_Hình và các bằng chứng kịch bản 1/Scenario1_B3_Target_Alive.png,149584,04fad478c54acdfe0c06958455a070d790ce8d6db12f897953aab4d3ad1b5949,.png,PRIMARY_VISUAL,Scenario 1 execution screenshot corresponding to canonical run.
ALL/01_Scenario1_Hình và các bằng chứng kịch bản 1/Scenario1_B4_SMB_Ports.png,161855,9f7a4b919c78cb08ec90f6c9bfa465176a1fa88876549ad235ab4f11c3f41a50,.png,PRIMARY_VISUAL,Scenario 1 execution screenshot corresponding to canonical run.
ALL/01_Scenario1_Hình và các bằng chứng kịch bản 1/Scenario1_B5_SMB_Version.png,180653,05699e248fa66ab224adc6809fb057a282d86c29c3ce2851823e07bd874f6466,.png,PRIMARY_VISUAL,Scenario 1 execution screenshot corresponding to canonical run.
ALL/01_Scenario1_Hình và các bằng chứng kịch bản 1/Scenario1_B6_SMB_NSE_A.png,210341,b5b236cbe695b530b44e0af592f010f1f49bef9f5da427b9958fd9020bd651f8,.png,PRIMARY_VISUAL,Scenario 1 execution screenshot corresponding to canonical run.
ALL/01_Scenario1_Hình và các bằng chứng kịch bản 1/Scenario1_B7_Raw_Evidence.png,200486,2b35cf96d3f8872abda91640e7a052de25e2970f21027aa4f26c31cc12ebdf96,.png,SUPPORTING,Visual inventory of raw files; raw artifacts themselves have higher precedence.
ALL/01_Scenario1_Hình và các bằng chứng kịch bản 1/Scenario1_Run_Manifest.txt,3847,3f8f92f0efca82bd4e1a93b9539c210f1adad1cf0e62a3b6d1e6d3b8716983ef,.txt,SECONDARY_META,Run metadata; subordinate to raw/direct local state.
ALL/01_Scenario1_Hình và các bằng chứng kịch bản 1/Scenario1_Summary.txt,5328,c7fd00bde28daa486b1a5c53beb801b126a7c1100fb4e965aa1fb9af22e366fa,.txt,SECONDARY_INTERPRETATION,Summary interpretation; subordinate to raw/direct evidence.
ALL/02_Scenario2_Hình và các bằng chứng kịch bản 2/raw/NSE-SMB-01_ports.gnmap,390,e44b9d8958acef339b1109fa1551465da806255f26073b1358d08fd789e9d346,.gnmap,PRIMARY_RAW,Machine-generated canonical Nmap raw output in final archive path.
ALL/02_Scenario2_Hình và các bằng chứng kịch bản 2/raw/NSE-SMB-01_ports.nmap,540,17395ddf5206cd1aa71e45737163beacea69d3ded80b19ce9cdd35b84ebb71cb,.nmap,PRIMARY_RAW,Machine-generated canonical Nmap raw output in final archive path.
ALL/02_Scenario2_Hình và các bằng chứng kịch bản 2/raw/NSE-SMB-01_ports.xml,1835,91b4aa457ac7e0041091dd642487656217ce2cbbe7e684123dcbc99f48769904,.xml,PRIMARY_RAW,Machine-generated canonical Nmap raw output in final archive path.
ALL/02_Scenario2_Hình và các bằng chứng kịch bản 2/raw/NSE-SMB-02_protocols.gnmap,383,0e803fe2c7adf2b6e36b64d4a8baf9f4ed36ea8865d74e7d2869983132bb6e31,.gnmap,PRIMARY_RAW,Machine-generated canonical Nmap raw output in final archive path.
ALL/02_Scenario2_Hình và các bằng chứng kịch bản 2/raw/NSE-SMB-02_protocols.nmap,618,cf9447b8f927bf896a582b8ea5ac8efa86b8cebca29c2b9afd7033a36aa4fa08,.nmap,PRIMARY_RAW,Machine-generated canonical Nmap raw output in final archive path.
ALL/02_Scenario2_Hình và các bằng chứng kịch bản 2/raw/NSE-SMB-02_protocols.xml,2088,f0b0647d0c7cbb5fa89c8dcab017e5f00db460f6119e5c58a2539904e36096f1,.xml,PRIMARY_RAW,Machine-generated canonical Nmap raw output in final archive path.
ALL/02_Scenario2_Hình và các bằng chứng kịch bản 2/raw/NSE-SMB-03_signing.gnmap,386,a249ca839725427c712ba74f84cf08b3664923f5c9962ea7f2db3c9fd1e2c5d6,.gnmap,PRIMARY_RAW,Machine-generated canonical Nmap raw output in final archive path.
ALL/02_Scenario2_Hình và các bằng chứng kịch bản 2/raw/NSE-SMB-03_signing.nmap,576,96a7152bf76805ed8539c3c6c97be2a8f88f6a7edd459229bad706371aa31fa0,.nmap,PRIMARY_RAW,Machine-generated canonical Nmap raw output in final archive path.
ALL/02_Scenario2_Hình và các bằng chứng kịch bản 2/raw/NSE-SMB-03_signing.xml,1963,408133be111de2365750cb03e148a904fea680322849774d0106800af88fa558,.xml,PRIMARY_RAW,Machine-generated canonical Nmap raw output in final archive path.
ALL/02_Scenario2_Hình và các bằng chứng kịch bản 2/raw/NSE-SMB-04_ms17010.gnmap,385,90c66779ce8304bc9dde39a0fe92c67219750160e0be2f265171151f110347cd,.gnmap,PRIMARY_RAW,Machine-generated canonical Nmap raw output in final archive path.
ALL/02_Scenario2_Hình và các bằng chứng kịch bản 2/raw/NSE-SMB-04_ms17010.nmap,471,181fcaab11b414a6943317964d002db5a6f953e63ef43bec01b165f5ac7a4cd4,.nmap,PRIMARY_RAW,Machine-generated canonical Nmap raw output in final archive path.
ALL/02_Scenario2_Hình và các bằng chứng kịch bản 2/raw/NSE-SMB-04_ms17010.xml,1739,cfd274057e8cb1153470487525ebd8ceb8b37ca946c4522a3d8276d7f1184a92,.xml,PRIMARY_RAW,Machine-generated canonical Nmap raw output in final archive path.
ALL/02_Scenario2_Hình và các bằng chứng kịch bản 2/Scenario2_NSE01_Ports.png,158854,56c0a8cbb22bee4f22a21587ec38581525881ed95c3eff40db930db91956fda4,.png,PRIMARY_VISUAL,Scenario 2 execution screenshot corresponding to canonical run.
ALL/02_Scenario2_Hình và các bằng chứng kịch bản 2/Scenario2_NSE02_Protocols.png,165380,e57de3aea8688fa73551bbc43b67a258907741de6ca09111219eec0a2413ceb0,.png,PRIMARY_VISUAL,Scenario 2 execution screenshot corresponding to canonical run.
ALL/02_Scenario2_Hình và các bằng chứng kịch bản 2/Scenario2_NSE03_Signing.png,161760,5fc4507628dc0568ecea02ee5124558b0f0835bea289405ca316b124c1fe5cfe,.png,PRIMARY_VISUAL,Scenario 2 execution screenshot corresponding to canonical run.
ALL/02_Scenario2_Hình và các bằng chứng kịch bản 2/Scenario2_NSE04_MS17010.png,151901,c970e56481a920061416949ea7543dcb96f1f2f99635dbe201131073202e14ac,.png,PRIMARY_VISUAL,Scenario 2 execution screenshot corresponding to canonical run.
ALL/02_Scenario2_Hình và các bằng chứng kịch bản 2/Scenario2_Raw_Evidence.png,192265,a211c71f5329ba309487ea9683c09228aae6411b09b0f751333211306ff497ee,.png,SUPPORTING,Visual inventory of raw files; raw artifacts themselves have higher precedence.
ALL/02_Scenario2_Hình và các bằng chứng kịch bản 2/Scenario2_Run_Manifest.txt,2303,2b18d0d61cfa820526d53f6ff2d593b27b8bddbce971bb5a25b4d0da6e6658bd,.txt,SECONDARY_META,Run metadata; subordinate to raw/direct local state.
ALL/02_Scenario2_Hình và các bằng chứng kịch bản 2/Scenario2_Summary.txt,3772,c62d3616b49100a2dad366657d24cf899c538f9e8ad48f49af9efe8bae9f5ca9,.txt,SECONDARY_INTERPRETATION,Summary interpretation; subordinate to raw/direct evidence.
ALL/03_Remediation_SMBv1_Hình và các bằng chứng thực thi biện pháp giảm thiểu khi tắt smbv1/raw/NSE-SMB-02_protocols.gnmap,383,9e2052ca5a685205af0418d1225f14637f42e9a5f44fd19bb2c7880711a7c4cf,.gnmap,PRIMARY_RAW,Machine-generated canonical Nmap raw output in final archive path.
ALL/03_Remediation_SMBv1_Hình và các bằng chứng thực thi biện pháp giảm thiểu khi tắt smbv1/raw/NSE-SMB-02_protocols.nmap,568,30d8877e83b80ac6bd82daca3a80d3bbc33bb65e974e60d1db4d7699deae8337,.nmap,PRIMARY_RAW,Machine-generated canonical Nmap raw output in final archive path.
ALL/03_Remediation_SMBv1_Hình và các bằng chứng thực thi biện pháp giảm thiểu khi tắt smbv1/raw/NSE-SMB-02_protocols.xml,1979,8c7e3fe44ffb0a379252e8d2910ab3a4b840585b71c25eb3b0f438c5b4fcc944,.xml,PRIMARY_RAW,Machine-generated canonical Nmap raw output in final archive path.
ALL/03_Remediation_SMBv1_Hình và các bằng chứng thực thi biện pháp giảm thiểu khi tắt smbv1/raw/NSE-SMB-04_ms17010.gnmap,385,991f767d6f5266bb3b44a2caba155790f6bbfbdee6bfaafdcbb089e8e92b2d62,.gnmap,PRIMARY_RAW,Machine-generated canonical Nmap raw output in final archive path.
ALL/03_Remediation_SMBv1_Hình và các bằng chứng thực thi biện pháp giảm thiểu khi tắt smbv1/raw/NSE-SMB-04_ms17010.nmap,471,85336e92da87a65d81145d95e361b8267c2460f30d3f4d66fa7de66631b236c3,.nmap,PRIMARY_RAW,Machine-generated canonical Nmap raw output in final archive path.
ALL/03_Remediation_SMBv1_Hình và các bằng chứng thực thi biện pháp giảm thiểu khi tắt smbv1/raw/NSE-SMB-04_ms17010.xml,1739,da8a908e1aca518faea88fb521c0c39e95391e5a75d36cbf785d12b814c13541,.xml,PRIMARY_RAW,Machine-generated canonical Nmap raw output in final archive path.
ALL/03_Remediation_SMBv1_Hình và các bằng chứng thực thi biện pháp giảm thiểu khi tắt smbv1/SMBv1_Remediation_01_Before.png,50026,e19cc9c7209769dd3bdfe530f59c8dee85087119c5147ccfb5bd6ac087498ca3,.png,PRIMARY_VISUAL,Case B before/action/after or canonical retest screenshot.
ALL/03_Remediation_SMBv1_Hình và các bằng chứng thực thi biện pháp giảm thiểu khi tắt smbv1/SMBv1_Remediation_02_Action.png,52946,feb3a6ba1fe983177a6b4d190d7b1f880beea2c69af914b9edae2e5986b0467f,.png,PRIMARY_VISUAL,Case B before/action/after or canonical retest screenshot.
ALL/03_Remediation_SMBv1_Hình và các bằng chứng thực thi biện pháp giảm thiểu khi tắt smbv1/SMBv1_Remediation_03_After_Local.png,50180,2f762508ec98da3b6ed75813c32ed5622cbe1c982e6e6e2907086152e9a6a6ad,.png,PRIMARY_VISUAL,Case B before/action/after or canonical retest screenshot.
ALL/03_Remediation_SMBv1_Hình và các bằng chứng thực thi biện pháp giảm thiểu khi tắt smbv1/SMBv1_Remediation_04_NSE02_Protocols.png,165925,21ed6473f4e7010841e9730620b159c272238cf7335eb80fcfaf4ad61f7a7b5a,.png,PRIMARY_VISUAL,Case B before/action/after or canonical retest screenshot.
ALL/03_Remediation_SMBv1_Hình và các bằng chứng thực thi biện pháp giảm thiểu khi tắt smbv1/SMBv1_Remediation_05_NSE04_MS17010.png,211266,f808cee46a84ce58cbfa31e8d01b61f8649d0453f45d90e949f966352fd57fba,.png,PRIMARY_VISUAL,Case B before/action/after or canonical retest screenshot.
ALL/03_Remediation_SMBv1_Hình và các bằng chứng thực thi biện pháp giảm thiểu khi tắt smbv1/SMBv1_Remediation_06_Raw_Evidence.png,263175,20154f55fd9db9ddce0dea2411f33df084b568a03419167acff379740364b896,.png,SUPPORTING,Visual inventory of raw files; raw artifacts themselves have higher precedence.
ALL/03_Remediation_SMBv1_Hình và các bằng chứng thực thi biện pháp giảm thiểu khi tắt smbv1/SMBv1_Remediation_Run_Manifest.txt,2379,6a0a60568c545b7bbf457e5199d0e6a3d8e2eebe85817698cf5f8e3d07abc0d0,.txt,SECONDARY_META,Run metadata; subordinate to raw/direct local state.
ALL/03_Remediation_SMBv1_Hình và các bằng chứng thực thi biện pháp giảm thiểu khi tắt smbv1/SMBv1_Remediation_Summary.txt,4536,85e388b227102ac888926f5ba00dc13fad2cdd12c49c7d7e0d03c15c8cd099b2,.txt,SECONDARY_INTERPRETATION,Summary interpretation; subordinate to raw/direct evidence.
ALL/04_Remediation_pfSense_Hình và các bằng chứng thực thi biện pháp giảm thiểu khi có firewall pfsen hạn chế/HostRepair/HostRepair_01_Driver_Diagnosis.txt,3970,fe017150c8b5b8774076e0ca0633f27fd55c79194273f95d08407423058da9cd,.txt,TROUBLESHOOTING,Diagnostic/repair/pause-state artifact; not canonical result evidence except final closure used to locate final run.
ALL/04_Remediation_pfSense_Hình và các bằng chứng thực thi biện pháp giảm thiểu khi có firewall pfsen hạn chế/HostRepair/HostRepair_02_Installer_Verification.txt,2523,ae1b718b11e767503f1ad7db06c083f5cd9bd95cc4e4c81ed9a0a6eea2899e43,.txt,TROUBLESHOOTING,Diagnostic/repair/pause-state artifact; not canonical result evidence except final closure used to locate final run.
ALL/04_Remediation_pfSense_Hình và các bằng chứng thực thi biện pháp giảm thiểu khi có firewall pfsen hạn chế/HostRepair/HostRepair_03_PostRepair_Network.png,63797,8d7c20905cd334441fe91f830304aa58bbfe1d6d797f1b07afff387cb329be75,.png,TROUBLESHOOTING,Diagnostic/repair/pause-state artifact; not canonical result evidence except final closure used to locate final run.
ALL/04_Remediation_pfSense_Hình và các bằng chứng thực thi biện pháp giảm thiểu khi có firewall pfsen hạn chế/HostRepair/HostRepair_04_New_HostOnly.png,40720,8564fc9620e4a6a11075654d38cd5b64097507e3931ba7d22dd0934bc6dc1732,.png,TROUBLESHOOTING,Diagnostic/repair/pause-state artifact; not canonical result evidence except final closure used to locate final run.
ALL/04_Remediation_pfSense_Hình và các bằng chứng thực thi biện pháp giảm thiểu khi có firewall pfsen hạn chế/HostRepair/HostRepair_05_Native_HostOnly_Verification.txt,1838,5277ab1d93a79846b96b5e350cc39ef14e17f7663de47d3a36d752d8e9fdb602,.txt,TROUBLESHOOTING,Diagnostic/repair/pause-state artifact; not canonical result evidence except final closure used to locate final run.
ALL/04_Remediation_pfSense_Hình và các bằng chứng thực thi biện pháp giảm thiểu khi có firewall pfsen hạn chế/HostRepair/HOST_NETWORK_REPAIR_STATE.txt,3925,bd605605ddc05be3099a2a7c7470d9accfcab15d01d4fcdb55e232f7bde5ed01,.txt,TROUBLESHOOTING,Diagnostic/repair/pause-state artifact; not canonical result evidence except final closure used to locate final run.
ALL/04_Remediation_pfSense_Hình và các bằng chứng thực thi biện pháp giảm thiểu khi có firewall pfsen hạn chế/HostRepair/msi_repair.log,1518692,0751f6bff6d3a6ba03f343635f8ac88806ffd2f6bc488936cb28a36661172504,.log,TROUBLESHOOTING,Diagnostic/repair/pause-state artifact; not canonical result evidence except final closure used to locate final run.
ALL/04_Remediation_pfSense_Hình và các bằng chứng thực thi biện pháp giảm thiểu khi có firewall pfsen hạn chế/pfSense_01_Installer_Network.png,3676,e123999d2ffe0c3c8906b22602eedb93da888530463221ef6eda1ba07b1eeb37,.png,SUPPORTING,"Case C setup/foundation visual, not a result artifact."
ALL/04_Remediation_pfSense_Hình và các bằng chứng thực thi biện pháp giảm thiểu khi có firewall pfsen hạn chế/pfSense_02_CE_Install.png,7449,5f7d1824a70af275f73490e1658f156e182b7bd34bbdde7c65c2e8bff67be6ad,.png,SUPPORTING,"Case C setup/foundation visual, not a result artifact."
ALL/04_Remediation_pfSense_Hình và các bằng chứng thực thi biện pháp giảm thiểu khi có firewall pfsen hạn chế/pfSense_03_Interface_Assignment.png,67825,ecf111151386022a55bbea657b314009eb3efb08f0a6232ab13f910dce3b6b6d,.png,SUPPORTING,"Case C setup/foundation visual, not a result artifact."
ALL/04_Remediation_pfSense_Hình và các bằng chứng thực thi biện pháp giảm thiểu khi có firewall pfsen hạn chế/pfSense_04_Bridge.png,40442,f955b3d556f20372a9a831da4d4daa441e05dea5fe49a7f05d1cca013fd0a517,.png,PRIMARY_VISUAL,Canonical Case C topology/rule/result/log screenshot.
ALL/04_Remediation_pfSense_Hình và các bằng chứng thực thi biện pháp giảm thiểu khi có firewall pfsen hạn chế/pfSense_05_Bridge_Filtering.png,12881,9408c0962dd4a221152b9c6fd927a7d9417cfb54c626a3dd9d50f5e325c985da,.png,PRIMARY_VISUAL,Canonical Case C topology/rule/result/log screenshot.
ALL/04_Remediation_pfSense_Hình và các bằng chứng thực thi biện pháp giảm thiểu khi có firewall pfsen hạn chế/pfSense_06_Baseline_Pass_Rule.png,44778,30fd54c59431083b19d8ed3dc2f0e002910382d587a361c84bc17adf3dbf1fa6,.png,PRIMARY_VISUAL,Canonical Case C topology/rule/result/log screenshot.
ALL/04_Remediation_pfSense_Hình và các bằng chứng thực thi biện pháp giảm thiểu khi có firewall pfsen hạn chế/pfSense_07_Block_Rule_Config.png,130593,af694b811ebed2a431746198ff3cb62b4af356db8b17b257966889eca11e3fa1,.png,PRIMARY_VISUAL,Canonical Case C topology/rule/result/log screenshot.
ALL/04_Remediation_pfSense_Hình và các bằng chứng thực thi biện pháp giảm thiểu khi có firewall pfsen hạn chế/pfSense_08_Rule_Order.png,48548,6029ea7c923c297aa9bc65c3c551a17e1d4f569a2c98f78846a39c69e22aeb45,.png,PRIMARY_VISUAL,Canonical Case C topology/rule/result/log screenshot.
ALL/04_Remediation_pfSense_Hình và các bằng chứng thực thi biện pháp giảm thiểu khi có firewall pfsen hạn chế/pfSense_10_Block_Log_CANONICAL.png,3632708,3b8383c54143f8a01eb6201462a6b30877f4b95f27b1a72f54b8b07562a68bc2,.png,PRIMARY_VISUAL,Canonical Case C topology/rule/result/log screenshot.
ALL/04_Remediation_pfSense_Hình và các bằng chứng thực thi biện pháp giảm thiểu khi có firewall pfsen hạn chế/pfSense_assign_1.png,12575,1a909c123f9e7a8ce1e3b4b8244ef2259290b8b3a78727846958abaf7c393c23,.png,TROUBLESHOOTING,Diagnostic/repair/pause-state artifact; not canonical result evidence except final closure used to locate final run.
ALL/04_Remediation_pfSense_Hình và các bằng chứng thực thi biện pháp giảm thiểu khi có firewall pfsen hạn chế/pfSense_assign_2.png,11099,8065ca15221e2f7fcd3fa19308fe203ec603ee908890bf057b4c4c7516598be0,.png,TROUBLESHOOTING,Diagnostic/repair/pause-state artifact; not canonical result evidence except final closure used to locate final run.
ALL/04_Remediation_pfSense_Hình và các bằng chứng thực thi biện pháp giảm thiểu khi có firewall pfsen hạn chế/pfSense_assign_3.png,11926,e71b449dea7fe5117109e174ffd14659ca119ecd1e4ead2302d45599c47b7b01,.png,TROUBLESHOOTING,Diagnostic/repair/pause-state artifact; not canonical result evidence except final closure used to locate final run.
ALL/04_Remediation_pfSense_Hình và các bằng chứng thực thi biện pháp giảm thiểu khi có firewall pfsen hạn chế/pfSense_assign_4.png,8965,e97b8af6ce96ae978544d707f88521b07155e41535af5778649e05e0c5386ad0,.png,TROUBLESHOOTING,Diagnostic/repair/pause-state artifact; not canonical result evidence except final closure used to locate final run.
ALL/04_Remediation_pfSense_Hình và các bằng chứng thực thi biện pháp giảm thiểu khi có firewall pfsen hạn chế/pfSense_assign_5.png,11010,4dad057f0bbe43394489763ec5dcd7399e9df5c92314c990f9d721fbe79b3361,.png,TROUBLESHOOTING,Diagnostic/repair/pause-state artifact; not canonical result evidence except final closure used to locate final run.
ALL/04_Remediation_pfSense_Hình và các bằng chứng thực thi biện pháp giảm thiểu khi có firewall pfsen hạn chế/pfSense_CaseC_09_NSE01_Ports.png,442786,57da22fd95a8c74aa19339eb82c5bb022d84396996f974383a86fb134cb147e2,.png,EXCLUDED_SUPERSEDED,Superseded non-canonical screenshot; use _CANONICAL version.
ALL/04_Remediation_pfSense_Hình và các bằng chứng thực thi biện pháp giảm thiểu khi có firewall pfsen hạn chế/pfSense_CaseC_09_NSE01_Ports_CANONICAL.png,473141,de266abb4fa3e8412cfc091975d714bb4bf1168a2e3d7f6cba7d7276f22dfba7,.png,PRIMARY_VISUAL,Canonical Case C topology/rule/result/log screenshot.
ALL/04_Remediation_pfSense_Hình và các bằng chứng thực thi biện pháp giảm thiểu khi có firewall pfsen hạn chế/pfSense_CaseC_11_NSE04_MS17010_CANONICAL.png,503726,ecd605f0c2e46690988253ec104f9111844e06a600e3e2d1b0a45506ce5cbf12,.png,PRIMARY_VISUAL,Canonical Case C topology/rule/result/log screenshot.
ALL/04_Remediation_pfSense_Hình và các bằng chứng thực thi biện pháp giảm thiểu khi có firewall pfsen hạn chế/pfSense_console_1.png,10933,e9be7d6f3e90393211cbfc15f813c4b52bee9f1160b0b425862a2ea14f120d9e,.png,TROUBLESHOOTING,Diagnostic/repair/pause-state artifact; not canonical result evidence except final closure used to locate final run.
ALL/04_Remediation_pfSense_Hình và các bằng chứng thực thi biện pháp giảm thiểu khi có firewall pfsen hạn chế/pfSense_console_2.png,11631,e89b9064375757b1916a37283e6f7c98badc2b103a598a06d2b61933addb31e0,.png,TROUBLESHOOTING,Diagnostic/repair/pause-state artifact; not canonical result evidence except final closure used to locate final run.
ALL/04_Remediation_pfSense_Hình và các bằng chứng thực thi biện pháp giảm thiểu khi có firewall pfsen hạn chế/pfSense_console_shell.png,11562,4e96979c00ab2640441663471532b19133d1ea43f4363b0492c88fdbd6a84fbb,.png,TROUBLESHOOTING,Diagnostic/repair/pause-state artifact; not canonical result evidence except final closure used to locate final run.
ALL/04_Remediation_pfSense_Hình và các bằng chứng thực thi biện pháp giảm thiểu khi có firewall pfsen hạn chế/pfSense_ctrlc.png,15295,9a494a737e78c58d5ba579312fc284cfca3b806a345acbd72965235d1b9bd18e,.png,TROUBLESHOOTING,Diagnostic/repair/pause-state artifact; not canonical result evidence except final closure used to locate final run.
ALL/04_Remediation_pfSense_Hình và các bằng chứng thực thi biện pháp giảm thiểu khi có firewall pfsen hạn chế/pfSense_cur_console.png,11828,cea02ad62ca3f5c28bc834de8c4f79da8762b1f7fac191d1c907b9d2c46345df,.png,TROUBLESHOOTING,Diagnostic/repair/pause-state artifact; not canonical result evidence except final closure used to locate final run.
ALL/04_Remediation_pfSense_Hình và các bằng chứng thực thi biện pháp giảm thiểu khi có firewall pfsen hạn chế/pfSense_ifconfig.png,12969,07177a902bc3fcec0340a1fd25bf35b6cb7aaec081b4f1ee51c21bc20ef5d632,.png,TROUBLESHOOTING,Diagnostic/repair/pause-state artifact; not canonical result evidence except final closure used to locate final run.
ALL/04_Remediation_pfSense_Hình và các bằng chứng thực thi biện pháp giảm thiểu khi có firewall pfsen hạn chế/pfSense_ip_1.png,10203,4f6e216296fbad95f9c5ae8a525522f7584a23c0cd7b28faf25e822eeee7dd93,.png,TROUBLESHOOTING,Diagnostic/repair/pause-state artifact; not canonical result evidence except final closure used to locate final run.
ALL/04_Remediation_pfSense_Hình và các bằng chứng thực thi biện pháp giảm thiểu khi có firewall pfsen hạn chế/pfSense_ip_2.png,10223,4f37f1f67ddff9be3f86909d10b57d9cda97a3f16bc996bb02951bba40be6761,.png,TROUBLESHOOTING,Diagnostic/repair/pause-state artifact; not canonical result evidence except final closure used to locate final run.
ALL/04_Remediation_pfSense_Hình và các bằng chứng thực thi biện pháp giảm thiểu khi có firewall pfsen hạn chế/pfSense_ip_3.png,9653,5939966dfb4f61821fba158d7de5c1babc9f8ee62efb01ca9ab62b2f59d860d5,.png,TROUBLESHOOTING,Diagnostic/repair/pause-state artifact; not canonical result evidence except final closure used to locate final run.
ALL/04_Remediation_pfSense_Hình và các bằng chứng thực thi biện pháp giảm thiểu khi có firewall pfsen hạn chế/pfSense_ip_4.png,8997,6520a8e4c7c50ac7f95b7f54b388144a7e0cbebe1826b69798db279c2aad1582,.png,TROUBLESHOOTING,Diagnostic/repair/pause-state artifact; not canonical result evidence except final closure used to locate final run.
ALL/04_Remediation_pfSense_Hình và các bằng chứng thực thi biện pháp giảm thiểu khi có firewall pfsen hạn chế/pfSense_ip_5.png,12129,7c478fad76bbdb38ff898579eebade63e4aa5f3412751d12cb283af67b10eb31,.png,TROUBLESHOOTING,Diagnostic/repair/pause-state artifact; not canonical result evidence except final closure used to locate final run.
ALL/04_Remediation_pfSense_Hình và các bằng chứng thực thi biện pháp giảm thiểu khi có firewall pfsen hạn chế/pfSense_menu.png,11796,9f92435180e24c501fd636f44bb20921c33ce751b00f2d49caefb600856a2710,.png,TROUBLESHOOTING,Diagnostic/repair/pause-state artifact; not canonical result evidence except final closure used to locate final run.
ALL/04_Remediation_pfSense_Hình và các bằng chứng thực thi biện pháp giảm thiểu khi có firewall pfsen hạn chế/pfSense_out_txt.png,16703,5c3eec3f639a30218db42cffe825f89438d044a31d471e6b73d0f858519a9abd,.png,TROUBLESHOOTING,Diagnostic/repair/pause-state artifact; not canonical result evidence except final closure used to locate final run.
ALL/04_Remediation_pfSense_Hình và các bằng chứng thực thi biện pháp giảm thiểu khi có firewall pfsen hạn chế/pfSense_php_out.png,14829,3e243ef8b85e49d2eb0740f82b987403ddfc8ec80c28fbdb05f293ec3bf7dc89,.png,TROUBLESHOOTING,Diagnostic/repair/pause-state artifact; not canonical result evidence except final closure used to locate final run.
ALL/04_Remediation_pfSense_Hình và các bằng chứng thực thi biện pháp giảm thiểu khi có firewall pfsen hạn chế/pfSense_php_test.png,13765,1288848ca2809e4502d779e0c7cf3c7b6b8caa88d4a7d387a8d26b67b48aebf7,.png,TROUBLESHOOTING,Diagnostic/repair/pause-state artifact; not canonical result evidence except final closure used to locate final run.
ALL/04_Remediation_pfSense_Hình và các bằng chứng thực thi biện pháp giảm thiểu khi có firewall pfsen hạn chế/pfSense_Remediation_Run_Manifest.txt,7947,2b0cf912febf59ed93d2e76e5ac40da056af6dce3d353b4a3737c9ad7b4df54c,.txt,SECONDARY_META,Final run manifest; subordinate to raw/direct screenshots for claims.
ALL/04_Remediation_pfSense_Hình và các bằng chứng thực thi biện pháp giảm thiểu khi có firewall pfsen hạn chế/pfSense_Remediation_Summary.txt,5826,8c947419681f8d98d0ec7f545d6dbc189c4e07752813ae84f014c5696bf91a6b,.txt,SECONDARY_INTERPRETATION,Summary contains interpretation; use only where raw/direct evidence supports it.
ALL/04_Remediation_pfSense_Hình và các bằng chứng thực thi biện pháp giảm thiểu khi có firewall pfsen hạn chế/pfSense_screen_sh.png,15391,e98439345e027658f5606fdfd7d58785e5afa5fb469a185c6f47103f9a492c26,.png,TROUBLESHOOTING,Diagnostic/repair/pause-state artifact; not canonical result evidence except final closure used to locate final run.
ALL/04_Remediation_pfSense_Hình và các bằng chứng thực thi biện pháp giảm thiểu khi có firewall pfsen hạn chế/pfSense_sshd.png,10824,2ccfc52dac5bbee97ed93b621b67e17195785aa80243775196bb993f0e92f152,.png,TROUBLESHOOTING,Diagnostic/repair/pause-state artifact; not canonical result evidence except final closure used to locate final run.
ALL/04_Remediation_pfSense_Hình và các bằng chứng thực thi biện pháp giảm thiểu khi có firewall pfsen hạn chế/pfSense_touch.png,15962,51c7895892ab988d18f6c5eb043c3da9c2c2e95da423dca73ef08f77ff28b076,.png,TROUBLESHOOTING,Diagnostic/repair/pause-state artifact; not canonical result evidence except final closure used to locate final run.
ALL/04_Remediation_pfSense_Hình và các bằng chứng thực thi biện pháp giảm thiểu khi có firewall pfsen hạn chế/pfSense_tunables.png,12881,9408c0962dd4a221152b9c6fd927a7d9417cfb54c626a3dd9d50f5e325c985da,.png,EXCLUDED_BYTE_DUPLICATE,Byte-identical duplicate of pfSense_05_Bridge_Filtering.png.
ALL/04_Remediation_pfSense_Hình và các bằng chứng thực thi biện pháp giảm thiểu khi có firewall pfsen hạn chế/raw/NSE-SMB-01_ports.gnmap,398,81109d00c18143ed53ecdcb6261c6726c428c01fd10261833cd45171886422ca,.gnmap,PRIMARY_RAW,Machine-generated canonical Nmap raw output in final archive path.
ALL/04_Remediation_pfSense_Hình và các bằng chứng thực thi biện pháp giảm thiểu khi có firewall pfsen hạn chế/raw/NSE-SMB-01_ports.nmap,541,5dd208208d4f281b86897a44ad0f3bc4006b380b72475af0893085b9d453481e,.nmap,PRIMARY_RAW,Machine-generated canonical Nmap raw output in final archive path.
ALL/04_Remediation_pfSense_Hình và các bằng chứng thực thi biện pháp giảm thiểu khi có firewall pfsen hạn chế/raw/NSE-SMB-01_ports.xml,1847,89990ae787eda0f26156a1251deef83260a2cb5290a52f28baf76ddf0623da31,.xml,PRIMARY_RAW,Machine-generated canonical Nmap raw output in final archive path.
ALL/04_Remediation_pfSense_Hình và các bằng chứng thực thi biện pháp giảm thiểu khi có firewall pfsen hạn chế/raw/NSE-SMB-04_ms17010.gnmap,389,2306bb0e5aa9ec2182701e245c9a0dd37a71c0f40ea9bc0d7ac6832b68118e8f,.gnmap,PRIMARY_RAW,Machine-generated canonical Nmap raw output in final archive path.
ALL/04_Remediation_pfSense_Hình và các bằng chứng thực thi biện pháp giảm thiểu khi có firewall pfsen hạn chế/raw/NSE-SMB-04_ms17010.nmap,477,ddd2f63535f7b7485c36de1146fb252b4690f3f2c98b259b22a90217ff488d03,.nmap,PRIMARY_RAW,Machine-generated canonical Nmap raw output in final archive path.
ALL/04_Remediation_pfSense_Hình và các bằng chứng thực thi biện pháp giảm thiểu khi có firewall pfsen hạn chế/raw/NSE-SMB-04_ms17010.xml,1745,7c33ca6b3951945c7d891b696ab89b78fe05931cc98c33970f9a55a912380c60,.xml,PRIMARY_RAW,Machine-generated canonical Nmap raw output in final archive path.
ALL/04_Remediation_pfSense_Hình và các bằng chứng thực thi biện pháp giảm thiểu khi có firewall pfsen hạn chế/RUN4_PAUSE_STATE_REPORT.txt,20174,e88212e41f9b36d8d8dacdf695d06dd0b51b32a07f3d22c6b626c9993e228dca,.txt,TROUBLESHOOTING,Diagnostic/repair/pause-state artifact; not canonical result evidence except final closure used to locate final run.
ALL/ATTT_DACN_01_DeCuongChiTiet.docx,4869780,dfdf57459cacf7d7b044464352c351f94adbd825c5fa89e5dad80825f1c2e889,.docx,SOURCE_AUTHORITY,Authoritative lecturer/project source; not experimental evidence.
ALL/BAO_CAO_DEMO_KICH_BAN_NSE_SMB_MS17_010.docx,1088767,ff4431372c4a490e1c9e0a2ba54bbc590833bc0a63a8175068a3ae69c9e87ed7,.docx,HISTORICAL_REFERENCE,Historical report; never experimental ground truth.
ALL/Chuong 2-3 - Bản Lỗi Dùng Tham Khảo.docx,3820273,3a59009f54e9ff54d340dc0b3438ce5768650a0ee255e1213f1c5fb12e94cebc,.docx,HISTORICAL_REFERENCE,Historical report; never experimental ground truth.
ALL/KichBan-Nmap-SMB-139-445.docx,42048,e7d4d8f442e120b78df4c4a8287341c93e3d8820b343c3337924d93cfa5422bb,.docx,SOURCE_AUTHORITY,Authoritative lecturer/project source; not experimental evidence.
ALL/KichBan_NSE_SMB_MS17-010_CapNhat_pfSense.docx,28577,e0eb7dc931455b365313fc77afc47c05a0684909b403040e5d41732b3582aa7b,.docx,SOURCE_AUTHORITY,Authoritative lecturer/project source; not experimental evidence.
ALL/đề mục tham khảo.docx,717529,b7f0f6939c5e3006c11d51f8276d4bd28d4247f029b3bfe950956f581d2866d7,.docx,STYLE_REFERENCE,Reference for report presentation/style only.